{"iteration_step_number: 0": {"Omega_param": 0.0, "omega_param": 0.0, "i_param": 0.001130130627408689, "u_param": 0.00213232193850696, "focal_param": 4.9210411240441614e-05, "ext_param": 0.06190101080406555, "rad_param": -0.9718045112781954, "theta_param": 0.0}, "iteration_step_number: 1": {"Omega_param": 0.0, "omega_param": 1.596106345357262e-06, "i_param": 0.001130130627408689, "u_param": 3517.2965513571394, "focal_param": 4.922991144813306e-05, "ext_param": 0.06209621973208357, "rad_param": -0.0014824601050669498, "theta_param": 0.5}, "iteration_step_number: 2": {"Omega_param": 0.0, "omega_param": 2.175277473726581e-06, "i_param": 0.001130130627408689, "u_param": 13187.615817088592, "focal_param": 4.9232572533339205e-05, "ext_param": 0.06208256571241591, "rad_param": -0.0008941491849581905, "theta_param": 1.0}, "iteration_step_number: 3": {"Omega_param": 0.0, "omega_param": 2.175497763122299e-06, "i_param": 0.001130130627408689, "u_param": 1414376.7765014023, "focal_param": 4.9232572795431995e-05, "ext_param": 0.06208258188232441, "rad_param": -7.428273327575769e-05, "theta_param": 1.5}, "iteration_step_number: 4": {"Omega_param": 0.0, "omega_param": 2.497484698771999e-06, "i_param": 0.001130130627408689, "u_param": 1427220.5117411017, "focal_param": 4.923372780213092e-05, "ext_param": 0.06208862388656021, "rad_param": 0.0007758729096962743, "theta_param": 2.0}, "iteration_step_number: 5": {"Omega_param": 0.0, "omega_param": 6.33639623385623e-06, "i_param": 0.001130130627408689, "u_param": 1430907.2910526437, "focal_param": 4.924852411291108e-05, "ext_param": 0.06202308326667955, "rad_param": 0.0014481556293668286, "theta_param": 2.5}, "iteration_step_number: 6": {"Omega_param": 0.0, "omega_param": 1.939029158536982e-06, "i_param": 0.001130130627408689, "u_param": 1433352.183408619, "focal_param": 4.928243444354313e-05, "ext_param": 0.06172709962608543, "rad_param": 0.0017784495967200936, "theta_param": 3.0}, "iteration_step_number: 7": {"Omega_param": 0.0, "omega_param": -5.116738381937912e-06, "i_param": 0.001130130627408689, "u_param": 1436073.1661233807, "focal_param": 4.930976680329601e-05, "ext_param": 0.06188116615401381, "rad_param": 0.0016860997904390872, "theta_param": 3.5}, "iteration_step_number: 8": {"Omega_param": 0.0, "omega_param": -6.626076309402069e-06, "i_param": 0.001130130627408689, "u_param": 1441514.9622757465, "focal_param": 4.9316480106166533e-05, "ext_param": 0.06193195875578839, "rad_param": 0.0011924364150149803, "theta_param": 4.0}, "iteration_step_number: 9": {"Omega_param": 0.0, "omega_param": -6.594958575863443e-06, "i_param": 0.001130130627408689, "u_param": 1485799.6167836587, "focal_param": 4.931656562825408e-05, "ext_param": 0.061932159216927934, "rad_param": 0.00041801754968727906, "theta_param": 4.5}, "iteration_step_number: 10": {"Omega_param": 0.0, "omega_param": -6.555840837848053e-06, "i_param": 0.001130130627408689, "u_param": 1524556.3966609375, "focal_param": 4.931674652470161e-05, "ext_param": 0.061933333335466, "rad_param": -0.00044683531610284103, "theta_param": 5.0}, "iteration_step_number: 11": {"Omega_param": 0.0, "omega_param": -6.737338367377905e-06, "i_param": 0.001130130627408689, "u_param": 1530018.8840225728, "focal_param": 4.93249190766583e-05, "ext_param": 0.06201768188094009, "rad_param": -0.0011902179880306219, "theta_param": 5.5}, "iteration_step_number: 12": {"Omega_param": 0.0, "omega_param": -3.0201175929595223e-06, "i_param": 0.001130130627408689, "u_param": 1532930.255344201, "focal_param": 4.935328648249975e-05, "ext_param": 0.06178995688383229, "rad_param": -0.001630387823487573, "theta_param": 6.0}, "iteration_step_number: 13": {"Omega_param": 0.0, "omega_param": 3.952819447533594e-06, "i_param": 0.001130130627408689, "u_param": 1535739.2796848314, "focal_param": 4.938374194152262e-05, "ext_param": 0.061977394021721546, "rad_param": -0.0016600623346961613, "theta_param": 6.5}, "iteration_step_number: 14": {"Omega_param": 0.0, "omega_param": 6.11979629768177e-06, "i_param": 0.001130130627408689, "u_param": 1540532.2768611533, "focal_param": 4.9394319349755145e-05, "ext_param": 0.061915502835272425, "rad_param": -0.0012710585013181344, "theta_param": 7.0}, "iteration_step_number: 15": {"Omega_param": 0.0, "omega_param": 6.011172390806663e-06, "i_param": 0.001130130627408689, "u_param": 1565417.1388527914, "focal_param": 4.9394743185664954e-05, "ext_param": 0.06191460525092065, "rad_param": -0.0005578594068041835, "theta_param": 7.5}, "iteration_step_number: 16": {"Omega_param": 0.0, "omega_param": 6.021392744961625e-06, "i_param": 0.001130130627408689, "u_param": 1649055.8177144907, "focal_param": 4.939476441734121e-05, "ext_param": 0.06191475117501525, "rad_param": 0.0003042914351491611, "theta_param": 8.0}, "iteration_step_number: 17": {"Omega_param": 0.0, "omega_param": 5.514890142371427e-06, "i_param": 0.001130130627408689, "u_param": 1655409.377869186, "focal_param": 4.939966019260655e-05, "ext_param": 0.06196647043977618, "rad_param": 0.0011040399384361261, "theta_param": 8.5}, "iteration_step_number: 18": {"Omega_param": 0.0, "omega_param": 4.532837491318385e-06, "i_param": 0.001130130627408689, "u_param": 1658268.8581770605, "focal_param": 4.942438618601442e-05, "ext_param": 0.062237281453537546, "rad_param": 0.001645737491836443, "theta_param": 9.0}, "iteration_step_number: 19": {"Omega_param": 0.0, "omega_param": 5.3712922409041504e-06, "i_param": 0.001130130627408689, "u_param": 1660666.7763748076, "focal_param": 4.945964502302929e-05, "ext_param": 0.061894424957725916, "rad_param": 0.0017973856372948509, "theta_param": 9.5}, "iteration_step_number: 20": {"Omega_param": 0.0, "omega_param": 7.886007250056718e-06, "i_param": 0.001130130627408689, "u_param": 1664015.0686067443, "focal_param": 4.947762122347734e-05, "ext_param": 0.06207072277396045, "rad_param": 0.0015213326948757976, "theta_param": 10.0}, "iteration_step_number: 21": {"Omega_param": 0.0, "omega_param": 8.48057268124982e-06, "i_param": 0.001130130627408689, "u_param": 1673934.6305024559, "focal_param": 4.947958737266971e-05, "ext_param": 0.06207249340284098, "rad_param": 0.0008839528180646801, "theta_param": 10.5}, "iteration_step_number: 22": {"Omega_param": 0.0, "omega_param": 8.480443926630155e-06, "i_param": 0.001130130627408689, "u_param": 6128606.181289107, "focal_param": 4.9479587357395555e-05, "ext_param": 0.062072490112956104, "rad_param": 4.171303604790187e-05, "theta_param": 11.0}, "iteration_step_number: 23": {"Omega_param": 0.0, "omega_param": 8.324061375768256e-06, "i_param": 0.001130130627408689, "u_param": 6140757.825403427, "focal_param": 4.948129090557143e-05, "ext_param": 0.062058284031470685, "rad_param": -0.0007986603497408064, "theta_param": 11.5}, "iteration_step_number: 24": {"Omega_param": 0.0, "omega_param": 8.338760083947119e-06, "i_param": 0.001130130627408689, "u_param": 6144540.746440269, "focal_param": 4.949817684205184e-05, "ext_param": 0.06223358157270669, "rad_param": -0.0014314287804126815, "theta_param": 12.0}, "iteration_step_number: 25": {"Omega_param": 0.0, "omega_param": 1.650797066863724e-05, "i_param": 0.001130130627408689, "u_param": 6147216.425322662, "focal_param": 4.9531721278590955e-05, "ext_param": 0.06209928798303987, "rad_param": -0.0017021719631148443, "theta_param": 12.5}, "iteration_step_number: 26": {"Omega_param": 0.0, "omega_param": 1.8529894251164348e-05, "i_param": 0.001130130627408689, "u_param": 6150466.956584028, "focal_param": 4.955452346895418e-05, "ext_param": 0.06232442969906779, "rad_param": -0.0015446027694346783, "theta_param": 13.0}, "iteration_step_number: 27": {"Omega_param": 0.0, "omega_param": 1.743605348731318e-05, "i_param": 0.001130130627408689, "u_param": 6158285.674459394, "focal_param": 4.9558561272315614e-05, "ext_param": 0.06232753127844576, "rad_param": -0.0009960386302101728, "theta_param": 13.5}, "iteration_step_number: 28": {"Omega_param": 0.0, "omega_param": 1.743954049857354e-05, "i_param": 0.001130130627408689,