{"iteration_step_number: 0": {"Omega_param": 0.0, "omega_param": 0.0, "i_param": 0.6475171524898963, "u_param": 15841563.740875755, "focal_param": 0.02819548872180451, "ext_param": 0.0, "rad_param": -0.0008180509300330128, "theta_param": 0.0}, "iteration_step_number: 1": {"Omega_param": 0.0, "omega_param": 0.0, "i_param": 0.6475171524898963, "u_param": 15841563.997338789, "focal_param": 0.02819548872180451, "ext_param": 0.0, "rad_param": -0.8493870731685682, "theta_param": 0.5}, "iteration_step_number: 2": {"Omega_param": 0.0, "omega_param": 0.0, "i_param": 0.6475171524898963, "u_param": 15841564.702867925, "focal_param": 0.02819548872180451, "ext_param": 0.0, "rad_param": -0.5121068171463353, "theta_param": 1.0}, "iteration_step_number: 3": {"Omega_param": 0.0, "omega_param": 0.0, "i_param": 0.6475171524898963, "u_param": 15841666.939403176, "focal_param": 0.02819548872180451, "ext_param": 0.0, "rad_param": -0.042541712945898404, "theta_param": 1.5}, "iteration_step_number: 4": {"Omega_param": 0.0, "omega_param": 0.0, "i_param": 0.6475171524898963, "u_param": 15841667.876535034, "focal_param": 0.02819548872180451, "ext_param": 0.0, "rad_param": 0.4443423252689469, "theta_param": 2.0}, "iteration_step_number: 5": {"Omega_param": 0.0, "omega_param": 0.0, "i_param": 0.6475171524898963, "u_param": 15841668.145547114, "focal_param": 0.02819548872180451, "ext_param": 0.0, "rad_param": 0.8293391042687382, "theta_param": 2.5}, "iteration_step_number: 6": {"Omega_param": 0.0, "omega_param": 0.0, "i_param": 0.6475171524898963, "u_param": 15841668.324023241, "focal_param": 0.02819548872180451, "ext_param": 0.0, "rad_param": 1.01818798532225, "theta_param": 3.0}, "iteration_step_number: 7": {"Omega_param": 0.0, "omega_param": 0.0, "i_param": 0.6475171524898963, "u_param": 15841668.522859037, "focal_param": 0.02819548872180451, "ext_param": 0.0, "rad_param": 0.9646521760126009, "theta_param": 3.5}, "iteration_step_number: 8": {"Omega_param": 0.0, "omega_param": 0.0, "i_param": 0.6475171524898963, "u_param": 15841668.920849122, "focal_param": 0.02819548872180451, "ext_param": 0.0, "rad_param": 0.6818391095854165, "theta_param": 4.0}, "iteration_step_number: 9": {"Omega_param": 0.0, "omega_param": 0.0, "i_param": 0.6475171524898963, "u_param": 15841672.16030395, "focal_param": 0.02819548872180451, "ext_param": 0.0, "rad_param": 0.23899128815258422, "theta_param": 4.5}, "iteration_step_number: 10": {"Omega_param": 0.0, "omega_param": 0.0, "i_param": 0.6475171524898963, "u_param": 15841674.995398086, "focal_param": 0.02819548872180451, "ext_param": 0.0, "rad_param": -0.25546669674142175, "theta_param": 5.0}, "iteration_step_number: 11": {"Omega_param": 0.0, "omega_param": 0.0, "i_param": 0.6475171524898963, "u_param": 15841675.394986264, "focal_param": 0.02819548872180451, "ext_param": 0.0, "rad_param": -0.6804742855694554, "theta_param": 5.5}, "iteration_step_number: 12": {"Omega_param": 0.0, "omega_param": 0.0, "i_param": 0.6475171524898963, "u_param": 15841675.608009871, "focal_param": 0.02819548872180451, "ext_param": 0.0, "rad_param": -0.9319747979285614, "theta_param": 6.0}, "iteration_step_number: 13": {"Omega_param": 0.0, "omega_param": 0.0, "i_param": 0.6475171524898963, "u_param": 15841675.813722134, "focal_param": 0.02819548872180451, "ext_param": 0.0, "rad_param": -0.948392137006219, "theta_param": 6.5}, "iteration_step_number: 14": {"Omega_param": 0.0, "omega_param": 0.0, "i_param": 0.6475171524898963, "u_param": 15841676.16505091, "focal_param": 0.02819548872180451, "ext_param": 0.0, "rad_param": -0.7257067656215002, "theta_param": 7.0}, "iteration_step_number: 15": {"Omega_param": 0.0, "omega_param": 0.0, "i_param": 0.6475171524898963, "u_param": 15841677.98970819, "focal_param": 0.02819548872180451, "ext_param": 0.0, "rad_param": -0.31843982911322133, "theta_param": 7.5}, "iteration_step_number: 16": {"Omega_param": 0.0, "omega_param": 0.0, "i_param": 0.6475171524898963, "u_param": 15841684.12250847, "focal_param": 0.02819548872180451, "ext_param": 0.0, "rad_param": 0.17369552253041806, "theta_param": 8.0}, "iteration_step_number: 17": {"Omega_param": 0.0, "omega_param": 0.0, "i_param": 0.6475171524898963, "u_param": 15841684.588383125, "focal_param": 0.02819548872180451, "ext_param": 0.0, "rad_param": 0.6302073914066281, "theta_param": 8.5}, "iteration_step_number: 18": {"Omega_param": 0.0, "omega_param": 0.0, "i_param": 0.6475171524898963, "u_param": 15841684.798085628, "focal_param": 0.02819548872180451, "ext_param": 0.0, "rad_param": 0.9393257506064815, "theta_param": 9.0}, "iteration_step_number: 19": {"Omega_param": 0.0, "omega_param": 0.0, "i_param": 0.6475171524898963, "u_param": 15841684.974071113, "focal_param": 0.02819548872180451, "ext_param": 0.0, "rad_param": 1.025367644918183, "theta_param": 9.5}, "iteration_step_number: 20": {"Omega_param": 0.0, "omega_param": 0.0, "i_param": 0.6475171524898963, "u_param": 15841685.220068451, "focal_param": 0.02819548872180451, "ext_param": 0.0, "rad_param": 0.867267017798257, "theta_param": 10.0}, "iteration_step_number: 21": {"Omega_param": 0.0, "omega_param": 0.0, "i_param": 0.6475171524898963, "u_param": 15841685.949251004, "focal_param": 0.02819548872180451, "ext_param": 0.0, "rad_param": 0.503732416717797, "theta_param": 10.5}, "iteration_step_number: 22": {"Omega_param": 0.0, "omega_param": 0.0, "i_param": 0.6475171524898963, "u_param": 15842013.429681122, "focal_param": 0.02819548872180451, "ext_param": 0.0, "rad_param": 0.023769790733753723, "theta_param": 11.0}, "iteration_step_number: 23": {"Omega_param": 0.0, "omega_param": 0.0, "i_param": 0.6475171524898963, "u_param": 15842014.322996285, "focal_param": 0.02819548872180451, "ext_param": 0.0, "rad_param": -0.4551092700312014, "theta_param": 11.5}, "iteration_step_number: 24": {"Omega_param": 0.0, "omega_param": 0.0, "i_param": 0.6475171524898963, "u_param": 15842014.601108054, "focal_param": 0.02819548872180451, "ext_param": 0.0, "rad_param": -0.8156584700106876, "theta_param": 12.0}, "iteration_step_number: 25": {"Omega_param": 0.0, "omega_param": 0.0, "i_param": 0.6475171524898963, "u_param": 15842014.797918595, "focal_param": 0.02819548872180451, "ext_param": 0.0, "rad_param": -0.9696027904567761, "theta_param": 12.5}, "iteration_step_number: 26": {"Omega_param": 0.0, "omega_param": 0.0, "i_param": 0.6475171524898963, "u_param": 15842015.037255703, "focal_param": 0.02819548872180451, "ext_param": 0.0, "rad_param": -0.8792512927283916, "theta_param": 13.0}, "iteration_step_number: 27": {"Omega_param": 0.0, "omega_param": 0.0, "i_param": 0.6475171524898963, "u_param": 15842015.61334666, "focal_param": 0.02819548872180451, "ext_param": 0.0, "rad_param": -0.5667251745880876, "theta_param": 13.5}, "iteration_step_number: 28": {"Omega_param": 0.0, "omega_param": 0.0, "i_param": 0.6475171524898963, "u_param": 15842031.318514938, "focal_param": 0.02819548872180451, "ext_param": 0.0, "rad_param": -0.1085417294860291, "theta_param": 14.0}, "iteration_step_number: 29": {"Omega_param": 0.0, "omega_param": 0.0, "i_param": 0.6475171524898963, "u_param": 15842032.579084959, "focal_param": 0.02819548872180451, "ext_param": 0.0, "rad_param": 0.38311975551050953, "theta_param": 14.5}, "iteration_step_number: 30": {"Omega_param": 0.0, "omega_param": 0.0, "i_param": 0.6475171524898963, "u_param": 15842032.877150772, "focal_param": 0.02819548872180451, "ext_param": 0.0, "rad_param": 0.7878834015806259, "theta_param": 15.0}, "iteration_step_number: 31": {"Omega_param": 0.0, "omega_param": 0.0, "i_param": 0.6475171524898963, "u_param": 15842033.059742028, "focal_param": 0.02819548872180451, "ext_param": 0.0, "rad_param": 1.006648951540689, "theta_param": 15.5}, "iteration_step_number: 32": {"Omega_param": 0.0, "omega_param": 0.0, "i_param": 0.6475171524898963, "u_param": 15842033.25011707, "focal_param": 0.02819548872180451, "ext_param": 0.0, "rad_param": 0.9858549690451892, "theta_param": 16.0}, "iteration_step_number: 33": {"Omega_param": 0.0,